Product_Link,Product_Name,Rating,Price,Website,Description
https://www.amazon.in/Lacto-Calamine-Botanical-Non-greasy-Dermatologically/dp/B0BQWGCF8H?source=ps-sl-shoppingads-lpcontext&ref_=fplfs&psc=1&smid=A15APWRK6P7LBV,Lacto Calamine Anti-Blemish cream 30 g,5.07,₹ 266.00,AJIO.com,Topical · Cream
https://www.nykaa.com/dot-key-cica-salicylic-face-wash-with-tea-tree-oil-for-oily-acne-prone-skin/p/7248416?ptype=product&skuId=15542064&srsltid=AfmBOopwoTJQ7a5J5_AFOZkoj7KexETkjGDPVIwYoJZ8zA4hpoNSISLwKqw,DOT & KEY Salicylic Acid & Green Tea Cica Calming Blemish Clearing Gel Face Wash ...,5.06,₹ 375.00,JioMart,Face Wash · Oil-free · Gel
https://www.nykaa.com/nykaa-skin-secrets-spot-on-tea-tree-salicylic-acid-pimple-patch-old/p/785729?ptype=product&skuId=785729&srsltid=AfmBOoqiXYIbMN0IoGpHL3dy5MWPIYqCproW9ocLf9fG4pT0iWUHS7nUKn4,"Nykaa Skin Secrets Tea Tree & Salicylic Acid Spot Patch At Nykaa, Best Beauty ...",5.05,₹ 80.00,Nykaa,
https://earthrhythm.com/products/acne-control-kit?variant=39494922240044&currency=INR&utm_medium=product_sync&utm_source=google&utm_content=sag_organic&utm_campaign=sag_organic&srsltid=AfmBOoq-9ymCtQ7swGKlovxIo6xCQTHrVBqqyejbyDbllxFK2pdtRA2j1rE,Earth Rhythm ACNE CONTROL KIT,5.023,"₹ 1,357.00",Earth Rhythm,Salicylic Acid · Oil-free
https://www.dotandkey.com/collections/combo-regimes/products/cica-superstar-trio?srsltid=AfmBOoo5f2EqBl_Wwac_XdKmh7Wta90UL7C_xFPC0JjenBPvD67v-PIfD84,Dot & Key Acne Control CTM Night Care Regime | Toner 150ml & Moisturizer 60ml,4.931,₹ 797.00,Dot & Key,Topical · For Oily Skin
https://www.foxy.in/products/oil-control-face-wash?gs=1&variant=39466&srsltid=AfmBOoqXbVye6UK4eS_HI0O4Eq7LvpaSyb3dxbPINuaVFu4aJ5z7jRgRvr8,Earth Rhythm Oil Control Face Wash (150ml),4.931,₹ 279.00,Foxy,
https://www.tirabeauty.com/product/lacto-calamine-2-salicylic-acid-face-serum-30ml--4cprjncxel?srsltid=AfmBOoppzgspJD6XHjPB-AEgKTF1DRKguWefliUKD1H08W-ghnPYxILiono,Lacto Calamine 2% Salicylic Acid Face Serum 30Ml 1'S,4.91,₹ 309.00,Tira,Day · Salicylic Acid · Serum
https://www.nykaa.com/lacto-calamine-night-gel-with-green-tea-overnight-hydration/p/7241054?ptype=product&skuId=7241054&srsltid=AfmBOop-yOXTnYG87M0019ViKAEfOGSNRvKzSGxXh9tnsU2xlF3LjvLSGCQ,Lacto Calamine Night Gel With Green Tea|overnight Hydration|suitable For Oily ...,4.88,₹ 308.13,FirstCry India,Night · Alpha Hydroxy · Gel
https://www.dotandkey.com/collections/combo-regimes/products/break-up-with-acne-combo-2?srsltid=AfmBOorNZdAGkLigXlvKL-So3jxnHEhO0OKIej8y5BUrUHAGOcPQjJRyeUs,"Dot & Key Super Cica & Salicylic Anti Acne Routine | Facewash 100ml, Serum 30ml ...",4.833,"₹ 1,102.00",Dot & Key,
https://www.nykaa.com/himalaya-pure-skin-neem-facial-kit/p/592517?ptype=product&skuId=592517&srsltid=AfmBOopMhwxoqjkRjpL5rqUR5Jl3Czgf7RPV0bz2cV1_DSxHQI3oM5_P1cQ,Himalaya Pure Skin Neem Facial Kit,4.754,₹ 171.00,bbstore.in/store,
https://www.drsheths.com/products/cleanse-prevent-acne-combo?variant=47198778032359&currency=INR&utm_term=shopify_IN_8447644401895_47198778032359&srsltid=AfmBOop8BIKxRaZ4OYZ2CQIUXH-https://www.drsheths.com/products/cleanse-prevent-acne-combo?variant=47198778032359&currency=INR&utm_term=shopify_IN_8447644401895_47198778032359&srsltid=AfmBOop8BIKxRaZ4OYZ2CQIUXH-Ra-Z22VXinEf7QKZzbTTiKQStW-KuIsM,Dr. Sheth's Cleanse & Prevent Acne Combo,4.722,₹ 549.00,Dr. Sheth's,Face Wash
https://www.shopsy.in/sanfe-beauty-anti-acne-serum-stick-salicylic-acid-face/p/itm0df269d9a068c?pid=LPBGFT2TF78WUYGK&lid=LSTLPBGFT2TF78WUYGKN6O4GP&marketplace=FLIPKART,Sanfe Beauty Anti Acne Salicylic Serum Stick (8g),4.65,₹ 343.00,Shopsy By Flipkart,Topical · Salicylic Acid
https://thedermaco.com/product/sali-cinamide-anti-acne-serum-with-2-salicylic-acid-5-niacinamide-30ml?srsltid=AfmBOoozeUAY7OIaP-E_qmLrl8aMKT5CWFyYVeIcwiYm9Bh-7JV5KGMshjI,The Derma Co. Sali-Cinamide Anti-Acne Face Serum With 2% Salicylic Acid & 5 ...,4.637,₹ 760.50,Netmeds.com,Salicylic Acid · Serum
https://www.nykaa.com/aroma-magic-neem-tea-tree-face-wash/p/7759347?ptype=product&skuId=7759342&srsltid=AfmBOooyZ5hl69_R87Ni7ZTWZ6BDLOXg3YDUWjO90QDKByk2K9z4pPaVc50,Aroma Magic Neem & Tea Tree Face Wash- 50 ml (Pwrd by Niacinamide),4.532,₹ 81.00,Beuflix.com,For Oily Skin · Aloe · Gel
"https://www.google.com/shopping/product/11612029621943036438?q=acne+skin+care+products&sca_esv=2e8a42a989b18c72&biw=1280&bih=632&sxsrf=ADLYWIL-4d7RbkyBflis12Vtvp7xG5TtFQ:1718809611715&oq=acne+skin+&gs_lp=Egtwcm9kdWN0cy1jYyIKYWNuZSBza2luICoCCAAyBRAAGIAEMgcQABiABBgKMgUQABiABDIFEAAYgAQyBRAAGIAEMgUQABiABDIFEAAYgAQyBRAAGIAEMgUQABiABDIFEAAYgARIuzdQAFi8InABeACQAQCYAZYBoAH0CKoBBDAuMTC4AQPIAQD4AQGYAgugAqAJqAIBwgIHECMYJxjqAsICChAAGIAEGEMYigWYAwSSBwQxLjEwoAf0Lw&sclient=products-cc&prds=eto:13808169188901107140_0,pid:3475184969177853079,rsk:PC_12379219112096929656&sa=X&ved=0ahUKEwi2uP3i-ueGAxVvzDgGHcLACqgQ8gIIgBQoAA",The Ordinary Niacinamide 10% + Zinc 1% Serum 30ml,4.52,₹ 465.00,Lookfantastic India,Face · Vitamin C · Oil-free
"https://www.google.com/shopping/product/16884831235828006854?q=acne+skin+care+products&sca_esv=2e8a42a989b18c72&biw=1280&bih=632&sxsrf=ADLYWIL-4d7RbkyBflis12Vtvp7xG5TtFQ:1718809611715&oq=acne+skin+&gs_lp=Egtwcm9kdWN0cy1jYyIKYWNuZSBza2luICoCCAAyBRAAGIAEMgcQABiABBgKMgUQABiABDIFEAAYgAQyBRAAGIAEMgUQABiABDIFEAAYgAQyBRAAGIAEMgUQABiABDIFEAAYgARIuzdQAFi8InABeACQAQCYAZYBoAH0CKoBBDAuMTC4AQPIAQD4AQGYAgugAqAJqAIBwgIHECMYJxjqAsICChAAGIAEGEMYigWYAwSSBwQxLjEwoAf0Lw&sclient=products-cc&prds=eto:16188137141743898242_0,pid:6790012108694015707,rsk:PC_4141345875118896417&sa=X&ved=0ahUKEwi2uP3i-ueGAxVvzDgGHcLACqgQ8gIIthUoAA",Jamun Salicylic Acid Cleanser and 10% Niacinamide Face Serum For Acne Marks ...,4.5131,₹ 649.00,Plix Life,Face Wash · Serum
"https://www.google.com/shopping/product/12362186818300486243?q=acne+skin+care+products&sca_esv=2e8a42a989b18c72&biw=1280&bih=632&sxsrf=ADLYWIL-4d7RbkyBflis12Vtvp7xG5TtFQ:1718809611715&oq=acne+skin+&gs_lp=Egtwcm9kdWN0cy1jYyIKYWNuZSBza2luICoCCAAyBRAAGIAEMgcQABiABBgKMgUQABiABDIFEAAYgAQyBRAAGIAEMgUQABiABDIFEAAYgAQyBRAAGIAEMgUQABiABDIFEAAYgARIuzdQAFi8InABeACQAQCYAZYBoAH0CKoBBDAuMTC4AQPIAQD4AQGYAgugAqAJqAIBwgIHECMYJxjqAsICChAAGIAEGEMYigWYAwSSBwQxLjEwoAf0Lw&sclient=products-cc&prds=eto:17741045405564833539_0,pid:7819140731900854119,rsk:PC_15529740867880376416&sa=X&ved=0ahUKEwi2uP3i-ueGAxVvzDgGHcLACqgQ8gIIohMoAA",Dot & Key Cica + 2% Salicylic Spot Correction Gel,4.449,₹ 280.00,Smytten,Salicylic Acid · Gel
https://www.dotandkey.com/products/dot-key-cica-10-niacinamide-serum-for-blemish-free-spotless-glowing-skin-3-tranexamic-reduces-acne-dark-spots-oily-acne-prone-sensitive-skin?srsltid=AfmBOoojZgP8YueFiF_nKAhzWdwBIpnClXFpU004Jt7KNJDL_CfW63rgFTg,Dot & Key 10% Niacinamide + Cica Serum | Reduces Acne & Dark Spots | For Oily ...,4.243,₹ 509.00,Dot & Key,Serum · For Oily Skin
https://www.amazon.in/Ustraa-Face-Wash-Oily-Skin/dp/B07DQG6J71?source=ps-sl-shoppingads-lpcontext&ref_=fplfs&smid=A1YTBN9A76TAKA&th=1,"Ustraa Face Wash - for Acne & Oil Control, Oily Skin 100 gms",4.2302,₹ 190.00,blinkit,Oil-free · Salicylic Acid
"https://www.google.com/shopping/product/11542267668523376846?q=acne+skin+care+products&sca_esv=2e8a42a989b18c72&biw=1280&bih=632&sxsrf=ADLYWIL-4d7RbkyBflis12Vtvp7xG5TtFQ:1718809611715&oq=acne+skin+&gs_lp=Egtwcm9kdWN0cy1jYyIKYWNuZSBza2luICoCCAAyBRAAGIAEMgcQABiABBgKMgUQABiABDIFEAAYgAQyBRAAGIAEMgUQABiABDIFEAAYgAQyBRAAGIAEMgUQABiABDIFEAAYgARIuzdQAFi8InABeACQAQCYAZYBoAH0CKoBBDAuMTC4AQPIAQD4AQGYAgugAqAJqAIBwgIHECMYJxjqAsICChAAGIAEGEMYigWYAwSSBwQxLjEwoAf0Lw&sclient=products-cc&prds=eto:9443296595002187137_0,pid:14678386490634656791,rsk:PC_13540132584716508306&sa=X&ved=0ahUKEwi2uP3i-ueGAxVvzDgGHcLACqgQ8gIItRQoAA",Dot & Key Cica Calming Rapid Relief Face Mask 25 ml,4.223,₹ 276.00,Tata CLiQ Lifestyle,Face Mask · Gel
"https://www.google.com/shopping/product/1900532667665884872?q=acne+skin+care+products&sca_esv=2e8a42a989b18c72&biw=1280&bih=632&sxsrf=ADLYWIL-4d7RbkyBflis12Vtvp7xG5TtFQ:1718809611715&oq=acne+skin+&gs_lp=Egtwcm9kdWN0cy1jYyIKYWNuZSBza2luICoCCAAyBRAAGIAEMgcQABiABBgKMgUQABiABDIFEAAYgAQyBRAAGIAEMgUQABiABDIFEAAYgAQyBRAAGIAEMgUQABiABDIFEAAYgARIuzdQAFi8InABeACQAQCYAZYBoAH0CKoBBDAuMTC4AQPIAQD4AQGYAgugAqAJqAIBwgIHECMYJxjqAsICChAAGIAEGEMYigWYAwSSBwQxLjEwoAf0Lw&sclient=products-cc&prds=eto:13065003915455417972_0,pid:2945358456918957653,rsk:PC_16079471863539447683&sa=X&ved=0ahUKEwi2uP3i-ueGAxVvzDgGHcLACqgQ8gIIhBUoAA",Minimalist Salicylic Acid 2% Face Serum 30ml,4.21,₹ 461.00,Snapdeal,Salicylic Acid · Oil-free
"https://www.google.com/shopping/product/1149518778470682140?q=acne+skin+care+products&sca_esv=2e8a42a989b18c72&biw=1280&bih=632&sxsrf=ADLYWIL-4d7RbkyBflis12Vtvp7xG5TtFQ:1718809611715&oq=acne+skin+&gs_lp=Egtwcm9kdWN0cy1jYyIKYWNuZSBza2luICoCCAAyBRAAGIAEMgcQABiABBgKMgUQABiABDIFEAAYgAQyBRAAGIAEMgUQABiABDIFEAAYgAQyBRAAGIAEMgUQABiABDIFEAAYgARIuzdQAFi8InABeACQAQCYAZYBoAH0CKoBBDAuMTC4AQPIAQD4AQGYAgugAqAJqAIBwgIHECMYJxjqAsICChAAGIAEGEMYigWYAwSSBwQxLjEwoAf0Lw&sclient=products-cc&prds=eto:14272705370931461888_0,pid:5627004124236788177,rsk:PC_3625778875744715201&sa=X&ved=0ahUKEwi2uP3i-ueGAxVvzDgGHcLACqgQ8gIIwBMoAA",Dot & Key Cica Calming Night Gel With Niacinamide & Tea Tree Oil - Fights Dark ...,4.155,₹ 298.00,kindlife.in,Topical · Gel
https://www.myntra.com/day-cream/biotique/biotique-winter-green-spot-correcting-anti-acne-cream-15-g/1661474/buy,Biotique Bio Winter Green Spot Correcting Anti Acne Cream,3.9318,₹ 180.00,bigbasket.com,Topical · Cream
"https://www.google.com/shopping/product/10105496077299167535?q=acne+skin+care+products&sca_esv=2e8a42a989b18c72&biw=1280&bih=632&sxsrf=ADLYWIL-4d7RbkyBflis12Vtvp7xG5TtFQ:1718809611715&oq=acne+skin+&gs_lp=Egtwcm9kdWN0cy1jYyIKYWNuZSBza2luICoCCAAyBRAAGIAEMgcQABiABBgKMgUQABiABDIFEAAYgAQyBRAAGIAEMgUQABiABDIFEAAYgAQyBRAAGIAEMgUQABiABDIFEAAYgARIuzdQAFi8InABeACQAQCYAZYBoAH0CKoBBDAuMTC4AQPIAQD4AQGYAgugAqAJqAIBwgIHECMYJxjqAsICChAAGIAEGEMYigWYAwSSBwQxLjEwoAf0Lw&sclient=products-cc&prds=eto:17026813532570404675_0,pid:18279409787998550311,rsk:PC_12131427517739333265&sa=X&ved=0ahUKEwi2uP3i-ueGAxVvzDgGHcLACqgQ8gIIlBMoAA",Biotique Bio Winter Green Spot Correcting Anti Acne Cream(15g),3.33,₹ 130.00,₹499 minimum order,
https://products.drbatras.com/products/skin-glow-serum-for-luminous-skin?variant=47065253740824&currency=INR&srsltid=AfmBOoq1vW7dwvDJtyPfkkBshfI5zv6qXV49DZVR6k5XYcMpH98i7CbIg-8,"Dr Batra's Pro+ Skin Clear Serum for Acne-Free Skin, with Salicylic Acid ...",1.01,₹ 549.00,Dr Batra's,Niacinamide · Serum
"https://www.google.com/shopping/product/7544723143081449517?q=acne+skin+care+products&sca_esv=2e8a42a989b18c72&biw=1280&bih=632&sxsrf=ADLYWIL-4d7RbkyBflis12Vtvp7xG5TtFQ:1718809611715&oq=acne+skin+&gs_lp=Egtwcm9kdWN0cy1jYyIKYWNuZSBza2luICoCCAAyBRAAGIAEMgcQABiABBgKMgUQABiABDIFEAAYgAQyBRAAGIAEMgUQABiABDIFEAAYgAQyBRAAGIAEMgUQABiABDIFEAAYgARIuzdQAFi8InABeACQAQCYAZYBoAH0CKoBBDAuMTC4AQPIAQD4AQGYAgugAqAJqAIBwgIHECMYJxjqAsICChAAGIAEGEMYigWYAwSSBwQxLjEwoAf0Lw&sclient=products-cc&prds=eto:856113082452806670_0,pid:2490344584073396017,rsk:PC_16603238960186735342&sa=X&ved=0ahUKEwi2uP3i-ueGAxVvzDgGHcLACqgQ8gII9hIoAA",No More Active Acne Kit| The Derma Co,1.01,₹ 898.00,The DermaCo.,Salicylic Acid · Oil-free
https://satwanaturals.com/products/acne-defense-daily-weekly-regime,Complete Acne Care Regime (Daily & Weekly Routine),0,"₹ 1,605.00",satwa naturals,
https://www.myntra.com/face-wash-and-cleanser/himalaya/himalaya-set-of-2-purifying-neem-face-wash-for-acne-prone-skin/15063264/buy,Himalaya Set of 2 Purifying Neem Face Wash for Acne-Prone Skin (Pack) by Myntra,0,₹ 262.00,Myntra,
https://thedermaco.com/product/salicylic-acid-anti-acne-combo?srsltid=AfmBOopan2Z71O5jWZAnNCL7AFPcb0D0nVIqsMDULxn8e1rCc1dcZmCSrug,Salicylic Acid Anti-Acne Combo (FaceWash + Serum)| The Derma Co,0,₹ 598.00,The DermaCo.,Face Wash · Serum
https://www.meesho.com/pore-control-serum-salicylic-acid-niacinamide-anti-acne-face-serum-fights-blackheads-whiteheads-pore-tightening-controls-oil-30ml/p/55hmuv?srsltid=AfmBOooyMf9ISPaYq0HL069LvxD-XErgOeQhwhX72IeN_plUy3PfnH5xV_E,Pore Control Serum Salicylic Acid + Niacinamide Anti Acne Face Serum - Fights ...,0,₹ 140.00,Meesho,Salicylic Acid · Serum
"https://www.google.com/shopping/product/6641510328326761127?q=acne+skin+care+products&sca_esv=2e8a42a989b18c72&biw=1280&bih=632&sxsrf=ADLYWIL-4d7RbkyBflis12Vtvp7xG5TtFQ:1718809611715&oq=acne+skin+&gs_lp=Egtwcm9kdWN0cy1jYyIKYWNuZSBza2luICoCCAAyBRAAGIAEMgcQABiABBgKMgUQABiABDIFEAAYgAQyBRAAGIAEMgUQABiABDIFEAAYgAQyBRAAGIAEMgUQABiABDIFEAAYgARIuzdQAFi8InABeACQAQCYAZYBoAH0CKoBBDAuMTC4AQPIAQD4AQGYAgugAqAJqAIBwgIHECMYJxjqAsICChAAGIAEGEMYigWYAwSSBwQxLjEwoAf0Lw&sclient=products-cc&prds=eto:1207923200083335190_0,pid:4207715778586977574&sa=X&ved=0ahUKEwi2uP3i-ueGAxVvzDgGHcLACqgQ8gIIoRIoAA","NEUD Rapid Clearance Acne Treatment Serum with Salicylic Acid, Bakuchiol ...",0,₹ 468.00,NEUD,Topical · Salicylic Acid
https://www.google.com/url?url=https://skinkraft.com/pages/skin-4stepplan%3Futm_source%3Dgoogleshoppingskincare%26utm_medium%3Dcpc%26utm_campaign%3DG_skinshopping4Products%26srsltid%3DAfmBOop88nAYnyj0J2TVArsfgKbPV6pR3lWSZfLVhuchpI1Qj25bER5B5qA&rct=j&q=&esrc=s&opi=95576897&sa=U&ved=0ahUKEwi2uP3i-ueGAxVvzDgGHcLACqgQ1SkIvxIoAA&usg=AOvVaw1aomDpS0FLWlnPLB4TH7Ph,"SkinKraft 4 Step Customized Skincare Regimen - Acne Face Cream, Moisturizing ...",0,"₹ 1,399.00",SkinKraft,
"https://www.google.com/shopping/product/14911779031907312442?q=acne+skin+care+products&sca_esv=2e8a42a989b18c72&biw=1280&bih=632&sxsrf=ADLYWIL-4d7RbkyBflis12Vtvp7xG5TtFQ:1718809611715&oq=acne+skin+&gs_lp=Egtwcm9kdWN0cy1jYyIKYWNuZSBza2luICoCCAAyBRAAGIAEMgcQABiABBgKMgUQABiABDIFEAAYgAQyBRAAGIAEMgUQABiABDIFEAAYgAQyBRAAGIAEMgUQABiABDIFEAAYgARIuzdQAFi8InABeACQAQCYAZYBoAH0CKoBBDAuMTC4AQPIAQD4AQGYAgugAqAJqAIBwgIHECMYJxjqAsICChAAGIAEGEMYigWYAwSSBwQxLjEwoAf0Lw&sclient=products-cc&prds=eto:1385916087316050137_0,pid:15112340584610502977&sa=X&ved=0ahUKEwi2uP3i-ueGAxVvzDgGHcLACqgQ8gIIyxIoAA",Minimalist Oily Skincare Kit,0,"₹ 1,199.00",AJIO.com,
"https://www.google.com/shopping/product/18044969049076747449?q=acne+skin+care+products&sca_esv=2e8a42a989b18c72&biw=1280&bih=632&sxsrf=ADLYWIL-4d7RbkyBflis12Vtvp7xG5TtFQ:1718809611715&oq=acne+skin+&gs_lp=Egtwcm9kdWN0cy1jYyIKYWNuZSBza2luICoCCAAyBRAAGIAEMgcQABiABBgKMgUQABiABDIFEAAYgAQyBRAAGIAEMgUQABiABDIFEAAYgAQyBRAAGIAEMgUQABiABDIFEAAYgARIuzdQAFi8InABeACQAQCYAZYBoAH0CKoBBDAuMTC4AQPIAQD4AQGYAgugAqAJqAIBwgIHECMYJxjqAsICChAAGIAEGEMYigWYAwSSBwQxLjEwoAf0Lw&sclient=products-cc&prds=eto:2661569174426621092_0,pid:14023754780380176323&sa=X&ved=0ahUKEwi2uP3i-ueGAxVvzDgGHcLACqgQ8gII2BIoAA",Acne - X Topical X-KIT: The Anti Acne Kit,0,"₹ 1,797.00",JioMart,
"https://www.google.com/shopping/product/1595396696650527213?q=acne+skin+care+products&sca_esv=2e8a42a989b18c72&biw=1280&bih=632&sxsrf=ADLYWIL-4d7RbkyBflis12Vtvp7xG5TtFQ:1718809611715&oq=acne+skin+&gs_lp=Egtwcm9kdWN0cy1jYyIKYWNuZSBza2luICoCCAAyBRAAGIAEMgcQABiABBgKMgUQABiABDIFEAAYgAQyBRAAGIAEMgUQABiABDIFEAAYgAQyBRAAGIAEMgUQABiABDIFEAAYgARIuzdQAFi8InABeACQAQCYAZYBoAH0CKoBBDAuMTC4AQPIAQD4AQGYAgugAqAJqAIBwgIHECMYJxjqAsICChAAGIAEGEMYigWYAwSSBwQxLjEwoAf0Lw&sclient=products-cc&prds=eto:4911791292376586044_0,pid:7960999514289523380&sa=X&ved=0ahUKEwi2uP3i-ueGAxVvzDgGHcLACqgQ8gII5RIoAA","Alps Goodness Acne Control Facewash For Dry Skin with Cinnamon, Salicylic Acid ...",0,₹ 146.00,Redfynd.com,Face Wash · For Dry Skin
https://www.google.com/url?url=http://www.flipkart.com/ayuvya-3-1-anti-acne-scrub-mask-cleanser-glowing-skin-triple-care/p/itm63060c263a43f%3Fpid%3DFRNGXM4HGFJX4WZT%26lid%3DLSTFRNGXM4HGFJX4WZTT6I5MJ%26marketplace%3DFLIPKART%26cmpid%3Dcontent_fairness_8965229628_gmc&rct=j&q=&esrc=s&opi=95576897&sa=U&ved=0ahUKEwi2uP3i-ueGAxVvzDgGHcLACqgQ1SkIshMoAA&usg=AOvVaw2hMWfwXZJpqkIt7oDiRzri,Ayuvya 3 In 1 Anti Acne Scrub Mask Cleanser For Glowing Skin With Triple Care,0,₹ 499.00,Flipkart,Face Mask · Scrub
"https://www.google.com/shopping/product/10761058996874387663?q=acne+skin+care+products&sca_esv=2e8a42a989b18c72&biw=1280&bih=632&sxsrf=ADLYWIL-4d7RbkyBflis12Vtvp7xG5TtFQ:1718809611715&oq=acne+skin+&gs_lp=Egtwcm9kdWN0cy1jYyIKYWNuZSBza2luICoCCAAyBRAAGIAEMgcQABiABBgKMgUQABiABDIFEAAYgAQyBRAAGIAEMgUQABiABDIFEAAYgAQyBRAAGIAEMgUQABiABDIFEAAYgARIuzdQAFi8InABeACQAQCYAZYBoAH0CKoBBDAuMTC4AQPIAQD4AQGYAgugAqAJqAIBwgIHECMYJxjqAsICChAAGIAEGEMYigWYAwSSBwQxLjEwoAf0Lw&sclient=products-cc&prds=eto:12936763432794083190_0,pid:7915842847429393243&sa=X&ved=0ahUKEwi2uP3i-ueGAxVvzDgGHcLACqgQ8gII0BMoAA",Ridacne SA Oil Free Super Light Moisturising Gel 40 gm with Salicylic Acid 0.5 ...,0,₹ 499.00,ClickOnCare.com,Topical · Salicylic Acid
"https://www.google.com/shopping/product/16053926755522946650?q=acne+skin+care+products&sca_esv=2e8a42a989b18c72&biw=1280&bih=632&sxsrf=ADLYWIL-4d7RbkyBflis12Vtvp7xG5TtFQ:1718809611715&oq=acne+skin+&gs_lp=Egtwcm9kdWN0cy1jYyIKYWNuZSBza2luICoCCAAyBRAAGIAEMgcQABiABBgKMgUQABiABDIFEAAYgAQyBRAAGIAEMgUQABiABDIFEAAYgAQyBRAAGIAEMgUQABiABDIFEAAYgARIuzdQAFi8InABeACQAQCYAZYBoAH0CKoBBDAuMTC4AQPIAQD4AQGYAgugAqAJqAIBwgIHECMYJxjqAsICChAAGIAEGEMYigWYAwSSBwQxLjEwoAf0Lw&sclient=products-cc&prds=eto:14757936188775979283_0,pid:9781570597230008409&sa=X&ved=0ahUKEwi2uP3i-ueGAxVvzDgGHcLACqgQ8gII4xMoAA",Pilgrim 2% Salicylic Acid Face Serum Fights Active Acne & Pimples,0,₹ 191.00,Myntra,Topical · Salicylic Acid
https://www.google.com/url?url=https://www.amazon.in/Kamree-Anti-Acne-Salicylic-Blackheads-Acne-Causing/dp/B0C33B7SB5%3Fsource%3Dps-sl-shoppingads-lpcontext%26ref_%3Dfplfs%26psc%3D1%26smid%3DA2LH4U9EQY8B9Z&rct=j&q=&esrc=s&opi=95576897&sa=U&ved=0ahUKEwi2uP3i-ueGAxVvzDgGHcLACqgQ1SkI8hMoAA&usg=AOvVaw3-LzDtjtFn8Qq03dPxTdDy,"Kamree Anti-Acne Face Serum | 2% Salicylic Acid for Acne, Blackheads & Open Pores ...",0,₹ 399.00,Amazon.in,Salicylic Acid · Serum
"https://www.google.com/shopping/product/15705278949572038015?q=acne+skin+care+products&sca_esv=2e8a42a989b18c72&biw=1280&bih=632&sxsrf=ADLYWIL-4d7RbkyBflis12Vtvp7xG5TtFQ:1718809611715&oq=acne+skin+&gs_lp=Egtwcm9kdWN0cy1jYyIKYWNuZSBza2luICoCCAAyBRAAGIAEMgcQABiABBgKMgUQABiABDIFEAAYgAQyBRAAGIAEMgUQABiABDIFEAAYgAQyBRAAGIAEMgUQABiABDIFEAAYgARIuzdQAFi8InABeACQAQCYAZYBoAH0CKoBBDAuMTC4AQPIAQD4AQGYAgugAqAJqAIBwgIHECMYJxjqAsICChAAGIAEGEMYigWYAwSSBwQxLjEwoAf0Lw&sclient=products-cc&prds=eto:2160132788445838646_0,pid:9862110627277878055&sa=X&ved=0ahUKEwi2uP3i-ueGAxVvzDgGHcLACqgQ8gIIpBQoAA",Within Beauty Clear Drops Barrier Build Acne Correcting Serum,0,₹ 633.00,Flipkart,Salicylic Acid · Serum
"https://www.google.com/shopping/product/3824212436615867275?q=acne+skin+care+products&sca_esv=2e8a42a989b18c72&biw=1280&bih=632&sxsrf=ADLYWIL-4d7RbkyBflis12Vtvp7xG5TtFQ:1718809611715&oq=acne+skin+&gs_lp=Egtwcm9kdWN0cy1jYyIKYWNuZSBza2luICoCCAAyBRAAGIAEMgcQABiABBgKMgUQABiABDIFEAAYgAQyBRAAGIAEMgUQABiABDIFEAAYgAQyBRAAGIAEMgUQABiABDIFEAAYgARIuzdQAFi8InABeACQAQCYAZYBoAH0CKoBBDAuMTC4AQPIAQD4AQGYAgugAqAJqAIBwgIHECMYJxjqAsICChAAGIAEGEMYigWYAwSSBwQxLjEwoAf0Lw&sclient=products-cc&prds=eto:254165983490166692_0,pid:8478337506329045214&sa=X&ved=0ahUKEwi2uP3i-ueGAxVvzDgGHcLACqgQ8gII1BQoAA",Jovees Herbal Tea Tree Oil Control Face Wash | For Oily & Acne Prone Skin | With ...,0,₹ 207.00,Mystore,Face Wash · Oil-free
"https://www.google.com/shopping/product/9644096933973732240?q=acne+skin+care+products&sca_esv=2e8a42a989b18c72&biw=1280&bih=632&sxsrf=ADLYWIL-4d7RbkyBflis12Vtvp7xG5TtFQ:1718809611715&oq=acne+skin+&gs_lp=Egtwcm9kdWN0cy1jYyIKYWNuZSBza2luICoCCAAyBRAAGIAEMgcQABiABBgKMgUQABiABDIFEAAYgAQyBRAAGIAEMgUQABiABDIFEAAYgAQyBRAAGIAEMgUQABiABDIFEAAYgARIuzdQAFi8InABeACQAQCYAZYBoAH0CKoBBDAuMTC4AQPIAQD4AQGYAgugAqAJqAIBwgIHECMYJxjqAsICChAAGIAEGEMYigWYAwSSBwQxLjEwoAf0Lw&sclient=products-cc&prds=eto:15771344554400587729_0,pid:7640236140801529815&sa=X&ved=0ahUKEwi2uP3i-ueGAxVvzDgGHcLACqgQ8gII9RQoAA",The Derma Co. Farewell Acne & Acne Marks Combo(Skin Care Kit),0,₹ 656.00,Purplle.com,Salicylic Acid · Oil-free
https://www.google.com/url?url=https://discoverpilgrim.com/products/advanced-anti-acne-kit&rct=j&q=&esrc=s&opi=95576897&sa=U&ved=0ahUKEwi2uP3i-ueGAxVvzDgGHcLACqgQ1SkIxhUoAA&usg=AOvVaw3D6t46JJTS2LoAsQRkhxCy,Advanced Anti-Acne Kit | Discover Clear & Glowing Skin | 160ml,0,"₹ 1,485.00",Pilgrim,
"https://www.google.com/shopping/product/7882829589747511496?q=acne+skin+care+products&sca_esv=2e8a42a989b18c72&biw=1280&bih=632&sxsrf=ADLYWIL-4d7RbkyBflis12Vtvp7xG5TtFQ:1718809611715&oq=acne+skin+&gs_lp=Egtwcm9kdWN0cy1jYyIKYWNuZSBza2luICoCCAAyBRAAGIAEMgcQABiABBgKMgUQABiABDIFEAAYgAQyBRAAGIAEMgUQABiABDIFEAAYgAQyBRAAGIAEMgUQABiABDIFEAAYgARIuzdQAFi8InABeACQAQCYAZYBoAH0CKoBBDAuMTC4AQPIAQD4AQGYAgugAqAJqAIBwgIHECMYJxjqAsICChAAGIAEGEMYigWYAwSSBwQxLjEwoAf0Lw&sclient=products-cc&prds=eto:11534714834450333436_0,pid:12229497041338020167&sa=X&ved=0ahUKEwi2uP3i-ueGAxVvzDgGHcLACqgQ8gII4BUoAA","Wit And Whimsy Green Tea Anti-acne, Anti-fungal & Anti-bacterial Face Wash",0,₹ 199.00,₹500 minimum order,
"https://www.google.com/shopping/product/11685773341131430343?q=acne+skin+care+products&sca_esv=2e8a42a989b18c72&biw=1280&bih=632&sxsrf=ADLYWIL-4d7RbkyBflis12Vtvp7xG5TtFQ:1718809611715&oq=acne+skin+&gs_lp=Egtwcm9kdWN0cy1jYyIKYWNuZSBza2luICoCCAAyBRAAGIAEMgcQABiABBgKMgUQABiABDIFEAAYgAQyBRAAGIAEMgUQABiABDIFEAAYgAQyBRAAGIAEMgUQABiABDIFEAAYgARIuzdQAFi8InABeACQAQCYAZYBoAH0CKoBBDAuMTC4AQPIAQD4AQGYAgugAqAJqAIBwgIHECMYJxjqAsICChAAGIAEGEMYigWYAwSSBwQxLjEwoAf0Lw&sclient=products-cc&prds=eto:10583567378766754671_0,pid:1626563526909876994&sa=X&ved=0ahUKEwi2uP3i-ueGAxVvzDgGHcLACqgQ8gII8RUoAA",Deconstruct Anti-Acne Kit | Skincare routine kit | Contains Acne Face Serum ...,0,"₹ 1,012.90",Amazon.in,Salicylic Acid · Oil-free
https://www.google.com/url?url=https://www.meesho.com/salicylic-acid-serum-for-acne-dark-spots-blackheads-open-pores-control-excess-sebum-production-for-women-and-men/p/55i4g9%3Fsrsltid%3DAfmBOoq-8YNEQyqk2R7FGk6Qr7zeIP7pS6E2ikzFnLKAKgywDaJeOlTN1vs&rct=j&q=&esrc=s&opi=95576897&sa=U&ved=0ahUKEwi2uP3i-ueGAxVvzDgGHcLACqgQ1SkI_xUoAA&usg=AOvVaw1O5_ilQG6G4hYG9HsLTziK,"Salicylic Acid Serum for Acne, Dark Spots, Blackheads & Open Pores Control Excess ...",0,₹ 150.00,Meesho,Topical · Salicylic Acid
