Product_Link,Product_Name,Rating,Description,Price,Website
https://www.nykaa.com/neutrogena-oily-skin-combo/p/68509?ptype=product&skuId=68509&srsltid=AfmBOorNZbD57ydRa5EU0wht7jI0AnTjYZsDcYEfHB1-fR9LhDUM0zqKpaY,Neutrogena Oily Skin Combo ,5.05,,1179,Nykaa
https://www.nykaa.com/cetaphil-skin-care-regime-for-oily-skin-slash-save-hp2021/p/1017252?ptype=product&skuId=1017252&srsltid=AfmBOop_FSJkG9AKJLhsk7Pr6sEm9KYApWfyNDkKUmqQj8tEZKkPytI3CX4,"Cetaphil Skin Care Regime For Oily Skin At Nykaa, Best Beauty Products Online ...",5.05,,1030,Nykaa
https://www.nykaa.com/lacto-calamine-oily-skin-combo-with-kaolin-clay/p/10542770?ptype=product&skuId=10542770&srsltid=AfmBOoqa9y7MZO5wYT1wU4w9kY8sNxbYWATsm58BKDEY7PjR0kAf3ecaXoI,"Lacto Calamine Oily Skin Combo With Kaolin Clay At Nykaa, Best Beauty Products ...",5.05,,557,Nykaa
https://www.myntra.com/face-wash-and-cleanser/mcaffeine/mcaffeine-set-of-2-coffee-face-wash-for-fresh--glowing-skin---100ml-each/22524062/buy,MCaffeine Set of 2 Coffee Face Wash for Fresh & Glowing Skin - 100ml each(Pack ...,5.01,All Skin Types,698,Myntra
https://www.foxy.in/products/oil-control-face-wash?gs=1&variant=39466&srsltid=AfmBOoo7LA3onjGx0IbEWRSUDVp8Zr3tn0q1eV8ne0fA6atQoIO1rK1QtTU,Earth Rhythm Oil Control Face Wash (150ml),4.931,For Sensitive Skin · Gel,279,Foxy
https://www.amazon.in/Pilgrim-Hydrating-hydrators-Pentavitin-hydration/dp/B0C8JRKZV8?source=ps-sl-shoppingads-lpcontext&ref_=fplfs&psc=1&smid=AZ2BBRFTETV0S,Pilgrim Swiss Aqua Rush Hydrating Gel Toner (100ml),4.9173,Toner,276,Divaaglam
https://www.amazon.in/Lacto-Calamine-Salicylic-Fighting-Suitable/dp/B0BNQVY27Q?source=ps-sl-shoppingads-lpcontext&ref_=fplfs&psc=1&smid=A15APWRK6P7LBV,Lacto Calamine 2% Salicylic Acid Face Serum 30Ml 1'S,4.91,Day · Salicylic Acid · Serum,309,Tira
https://www.nykaa.com/lacto-calamine-night-gel-with-green-tea-overnight-hydration/p/7241054?ptype=product&skuId=7241054&srsltid=AfmBOooXa5gIxaxWJPjnJEpTGS-Z3_IWGjdyUhMMBEABNIsEPBz0R9ZR5Wc,Lacto Calamine Night Gel With Green Tea|overnight Hydration|suitable For Oily ...,4.88,Night · Alpha Hydroxy · Gel,350,Zepto
https://discoverpilgrim.com/products/tea-tree-purifying-toner,Pilgrim Tea Tree Purifying Toner 100 Ml,4.821,Toner · Liquid,255,kindlife.in
https://www.myntra.com/serum-and-gel/mcaffeine/mcaffeine--10-niacinamide-green-tea-face-serum---30ml/22025482/buy,Mcaffeine Green Tea Face Serum With Niacinamide 10% 30 Ml,4.778,Men's · Aloe · Caffeine · Serum,521.13,FirstCry India
https://www.flipkart.com/clensta-oil-control-face-wash/p/itm0c2e56ab06531?pid=FCWGWUC4CPXTHSR5&lid=LSTFCWGWUC4CPXTHSR5DVV86M&marketplace=FLIPKART&cmpid=content_face-wash_8965229628_gmc,Clensta Oil Control Face Wash,4.7356,,99,Flipkart
https://www.myntra.com/face-wash-and-cleanser/mcaffeine/-mcaffeine-set-of-2-naked--raw-coffee-face-wash---50ml-each/26287020/buy,MCaffeine Coffee Face Wash,4.72,Anti-ageing · Aloe · Cream,238,Smytten
https://www.nykaa.com/aroma-magic-combination-skin-essentials-kit-small/p/1228566?ptype=product&skuId=1228566&srsltid=AfmBOopee2eKPOmPf4jc_3l0XOHqZxSCjhHqc90WF-4r4gngHBArdohXrJI,Aroma Magic Combination Skin Essentials Kit - Small 150 Gm,4.65,,225,Namaste Medico
https://www.google.com/url?url=https://www.skinpharmacy.in/shop/excela-moisturiser-for-oily-acne-prone-skin/%3Fsrsltid%3DAfmBOorzG08-FEn7Fl8rhIU5JcFppFp3QkLfTIMQibzDhi2zqB-qlMvrVtI&rct=j&q=&esrc=s&opi=95576897&sa=U&ved=0ahUKEwj71_LDn-qGAxWKSmwGHRhVB5AQ1SkIxhUoAA&usg=AOvVaw1xKdTJ9GAF2oEKPr02nzNP,Excela Moisturiser for Oily & Acne Prone Skin,4.6363,For Oily Skin · Cream · Matt,425,Skin Pharmacy
"https://www.google.com/shopping/product/5129495376501181585?sca_esv=453f36eb1da0db3c&rlz=1C1VDKB_enIN978IN978&sxsrf=ADLYWIK8JROFhb3voktLonYWDsCm7-QQEQ:1718888729937&q=oily+skincare+products&fbs=AEQNm0BJU8HQC3fzNpLzBMuBiMvVRr8BSz33Xp3ghdPGS7xtz4DkKjUwhIZpLqvxYvXFn9vUbxaHayUNqeV8H65C6InRL58TaRIgLWzQD5SxGotCxotPNQAUPXOMJuUV3F-7mbgk8WYbOGelu6b6i3SdgKxXePmzr4aFTaViGgMugpefcc9r5uQoGYlgnUcptcYVjVSVhW9XjqNlH7PQQ5bmcN12WR3RYQ&ictx=111&biw=1536&bih=695&dpr=1.25&prds=eto:5857326175638760032_0,pid:9240391038905731576,rsk:PC_8249161741685973461&sa=X&ved=0ahUKEwj71_LDn-qGAxWKSmwGHRhVB5AQ8gIIvRYoAA",Plum Green Tea Experience Kit | Travel-Friendly | Mini Combo,4.5493,,399,blinkit
"https://www.google.com/shopping/product/1352639321580758630?sca_esv=453f36eb1da0db3c&rlz=1C1VDKB_enIN978IN978&sxsrf=ADLYWIK8JROFhb3voktLonYWDsCm7-QQEQ:1718888729937&q=oily+skincare+products&fbs=AEQNm0BJU8HQC3fzNpLzBMuBiMvVRr8BSz33Xp3ghdPGS7xtz4DkKjUwhIZpLqvxYvXFn9vUbxaHayUNqeV8H65C6InRL58TaRIgLWzQD5SxGotCxotPNQAUPXOMJuUV3F-7mbgk8WYbOGelu6b6i3SdgKxXePmzr4aFTaViGgMugpefcc9r5uQoGYlgnUcptcYVjVSVhW9XjqNlH7PQQ5bmcN12WR3RYQ&ictx=111&biw=1536&bih=695&dpr=1.25&prds=eto:12513853902859558379_0,pid:10167996218924841752,rsk:PC_10271459413169598051&sa=X&ved=0ahUKEwj71_LDn-qGAxWKSmwGHRhVB5AQ8gIIhhMoAA",Aroma Magic Neem & Tea Tree Face Wash- 50 ml (Pwrd by Niacinamide),4.532,For Oily Skin · Aloe · Gel,81,Beuflix.com
"https://www.google.com/shopping/product/14012804250382825447?sca_esv=453f36eb1da0db3c&rlz=1C1VDKB_enIN978IN978&sxsrf=ADLYWIK8JROFhb3voktLonYWDsCm7-QQEQ:1718888729937&q=oily+skincare+products&fbs=AEQNm0BJU8HQC3fzNpLzBMuBiMvVRr8BSz33Xp3ghdPGS7xtz4DkKjUwhIZpLqvxYvXFn9vUbxaHayUNqeV8H65C6InRL58TaRIgLWzQD5SxGotCxotPNQAUPXOMJuUV3F-7mbgk8WYbOGelu6b6i3SdgKxXePmzr4aFTaViGgMugpefcc9r5uQoGYlgnUcptcYVjVSVhW9XjqNlH7PQQ5bmcN12WR3RYQ&ictx=111&biw=1536&bih=695&dpr=1.25&prds=eto:9990914576009924055_0,pid:2650339255588697238,rsk:PC_16842524432109276289&sa=X&ved=0ahUKEwj71_LDn-qGAxWKSmwGHRhVB5AQ8gIImhIoAA",Lacto Calamine With Kaolin Clay For Oily Skin Face Wash,4.518,Oil-free · Unscented · Clay,177,Piramal Wellify
"https://www.google.com/shopping/product/13035085952170873028?sca_esv=453f36eb1da0db3c&rlz=1C1VDKB_enIN978IN978&sxsrf=ADLYWIK8JROFhb3voktLonYWDsCm7-QQEQ:1718888729937&q=oily+skincare+products&fbs=AEQNm0BJU8HQC3fzNpLzBMuBiMvVRr8BSz33Xp3ghdPGS7xtz4DkKjUwhIZpLqvxYvXFn9vUbxaHayUNqeV8H65C6InRL58TaRIgLWzQD5SxGotCxotPNQAUPXOMJuUV3F-7mbgk8WYbOGelu6b6i3SdgKxXePmzr4aFTaViGgMugpefcc9r5uQoGYlgnUcptcYVjVSVhW9XjqNlH7PQQ5bmcN12WR3RYQ&ictx=111&biw=1536&bih=695&dpr=1.25&prds=eto:14149293010377264274_0,pid:11771154791962212243,rsk:PC_12269301142482657913&sa=X&ved=0ahUKEwj71_LDn-qGAxWKSmwGHRhVB5AQ8gII8BQoAA",Pilgrim Salicylic Acid & Niacinamide Oil Control Serum 30 Ml,4.379,Day · Green Tea · Serum,495,Pilgrim
"https://www.google.com/shopping/product/18338956568065114497?sca_esv=453f36eb1da0db3c&rlz=1C1VDKB_enIN978IN978&sxsrf=ADLYWIK8JROFhb3voktLonYWDsCm7-QQEQ:1718888729937&q=oily+skincare+products&fbs=AEQNm0BJU8HQC3fzNpLzBMuBiMvVRr8BSz33Xp3ghdPGS7xtz4DkKjUwhIZpLqvxYvXFn9vUbxaHayUNqeV8H65C6InRL58TaRIgLWzQD5SxGotCxotPNQAUPXOMJuUV3F-7mbgk8WYbOGelu6b6i3SdgKxXePmzr4aFTaViGgMugpefcc9r5uQoGYlgnUcptcYVjVSVhW9XjqNlH7PQQ5bmcN12WR3RYQ&ictx=111&biw=1536&bih=695&dpr=1.25&prds=eto:9355424137984649899_0,pid:12117023415843497754,rsk:PC_4622039548056032645&sa=X&ved=0ahUKEwj71_LDn-qGAxWKSmwGHRhVB5AQ8gIIzxQoAA",Pond's Men Oil Control Face Creme 55 g,4.372,Face · Men's · Aloe · Day · Cream,110,JioMart
"https://www.google.com/shopping/product/6725138915965442909?sca_esv=453f36eb1da0db3c&rlz=1C1VDKB_enIN978IN978&sxsrf=ADLYWIK8JROFhb3voktLonYWDsCm7-QQEQ:1718888729937&q=oily+skincare+products&fbs=AEQNm0BJU8HQC3fzNpLzBMuBiMvVRr8BSz33Xp3ghdPGS7xtz4DkKjUwhIZpLqvxYvXFn9vUbxaHayUNqeV8H65C6InRL58TaRIgLWzQD5SxGotCxotPNQAUPXOMJuUV3F-7mbgk8WYbOGelu6b6i3SdgKxXePmzr4aFTaViGgMugpefcc9r5uQoGYlgnUcptcYVjVSVhW9XjqNlH7PQQ5bmcN12WR3RYQ&ictx=111&biw=1536&bih=695&dpr=1.25&prds=eto:669313327531564585_0,pid:17709635705763183062,rsk:PC_492832233014368807&sa=X&ved=0ahUKEwj71_LDn-qGAxWKSmwGHRhVB5AQ8gII4hQoAA","The Man Company - Face Care Kit set, Box",4.352,,977.2,Netmeds.com
"https://www.google.com/shopping/product/16529029246539487743?sca_esv=453f36eb1da0db3c&rlz=1C1VDKB_enIN978IN978&sxsrf=ADLYWIK8JROFhb3voktLonYWDsCm7-QQEQ:1718888729937&q=oily+skincare+products&fbs=AEQNm0BJU8HQC3fzNpLzBMuBiMvVRr8BSz33Xp3ghdPGS7xtz4DkKjUwhIZpLqvxYvXFn9vUbxaHayUNqeV8H65C6InRL58TaRIgLWzQD5SxGotCxotPNQAUPXOMJuUV3F-7mbgk8WYbOGelu6b6i3SdgKxXePmzr4aFTaViGgMugpefcc9r5uQoGYlgnUcptcYVjVSVhW9XjqNlH7PQQ5bmcN12WR3RYQ&ictx=111&biw=1536&bih=695&dpr=1.25&prds=eto:11294703360426072449_0,pid:16653389459489833843,rsk:PC_4197850574093477262&sa=X&ved=0ahUKEwj71_LDn-qGAxWKSmwGHRhVB5AQ8gIIqxIoAA",The Derma Co. 1% Salicylic Acid Gel Face Wash With Salicylic Acid & Witch Hazel ...,4.3372,For Sensitive Skin · Gel,269,Tata CLiQ Lifestyle
https://www.google.com/url?url=https://www.dotandkey.com/products/dot-key-cica-10-niacinamide-serum-for-blemish-free-spotless-glowing-skin-3-tranexamic-reduces-acne-dark-spots-oily-acne-prone-sensitive-skin%3Fsrsltid%3DAfmBOoramapUasOMABs9gts8ZxQgeMPDiFgKSzy2ivTWGpZmSscrRRsJiyY&rct=j&q=&esrc=s&opi=95576897&sa=U&ved=0ahUKEwj71_LDn-qGAxWKSmwGHRhVB5AQ1SkI2hMoAA&usg=AOvVaw0CQjt_9XW4Os6CKYZ33A63,Dot & Key 10% Niacinamide + Cica Serum | Reduces Acne & Dark Spots | For Oily ...,4.243,Serum · For Oily Skin,509,Dot & Key
"https://www.google.com/shopping/product/17387105575560283231?sca_esv=453f36eb1da0db3c&rlz=1C1VDKB_enIN978IN978&sxsrf=ADLYWIK8JROFhb3voktLonYWDsCm7-QQEQ:1718888729937&q=oily+skincare+products&fbs=AEQNm0BJU8HQC3fzNpLzBMuBiMvVRr8BSz33Xp3ghdPGS7xtz4DkKjUwhIZpLqvxYvXFn9vUbxaHayUNqeV8H65C6InRL58TaRIgLWzQD5SxGotCxotPNQAUPXOMJuUV3F-7mbgk8WYbOGelu6b6i3SdgKxXePmzr4aFTaViGgMugpefcc9r5uQoGYlgnUcptcYVjVSVhW9XjqNlH7PQQ5bmcN12WR3RYQ&ictx=111&biw=1536&bih=695&dpr=1.25&prds=eto:2405775183090540899_0,pid:642910076797026949,rsk:PC_3507565839222392437&sa=X&ved=0ahUKEwj71_LDn-qGAxWKSmwGHRhVB5AQ8gII_REoAA","Ustraa Face Wash - for Acne & Oil Control, Oily Skin 100 gms",4.2302,Oil-free · Charcoal,169,Chhotu Di Hatti
https://beminimalist.co/products/salicylic-lha-2-cleanser?currency=INR&variant=40105720905889&utm_source=google&utm_medium=cpc&utm_campaign=Google%20Shopping&stkn=f4faea6d89b6&srsltid=AfmBOookPUTng0bFeDVraLFj9stFdui6EfaYZFgzCq9_8--j1P8sCjLuy8U,Minimalist Salicylic Acid + LHA 2% Cleanser 100ml,4.21,Moisturising · Men's,295,Minimalist
"https://www.google.com/shopping/product/1900532667665884872?sca_esv=453f36eb1da0db3c&rlz=1C1VDKB_enIN978IN978&sxsrf=ADLYWIK8JROFhb3voktLonYWDsCm7-QQEQ:1718888729937&q=oily+skincare+products&fbs=AEQNm0BJU8HQC3fzNpLzBMuBiMvVRr8BSz33Xp3ghdPGS7xtz4DkKjUwhIZpLqvxYvXFn9vUbxaHayUNqeV8H65C6InRL58TaRIgLWzQD5SxGotCxotPNQAUPXOMJuUV3F-7mbgk8WYbOGelu6b6i3SdgKxXePmzr4aFTaViGgMugpefcc9r5uQoGYlgnUcptcYVjVSVhW9XjqNlH7PQQ5bmcN12WR3RYQ&ictx=111&biw=1536&bih=695&dpr=1.25&prds=eto:13065003915455417972_0,pid:2945358456918957653,rsk:PC_16079471863539447683&sa=X&ved=0ahUKEwj71_LDn-qGAxWKSmwGHRhVB5AQ8gII5RYoAA",Minimalist Salicylic Acid 2% Face Serum 30ml,4.21,Salicylic Acid · Oil-free,461,Snapdeal
"https://www.google.com/shopping/product/8529981265327578603?sca_esv=453f36eb1da0db3c&rlz=1C1VDKB_enIN978IN978&sxsrf=ADLYWIK8JROFhb3voktLonYWDsCm7-QQEQ:1718888729937&q=oily+skincare+products&fbs=AEQNm0BJU8HQC3fzNpLzBMuBiMvVRr8BSz33Xp3ghdPGS7xtz4DkKjUwhIZpLqvxYvXFn9vUbxaHayUNqeV8H65C6InRL58TaRIgLWzQD5SxGotCxotPNQAUPXOMJuUV3F-7mbgk8WYbOGelu6b6i3SdgKxXePmzr4aFTaViGgMugpefcc9r5uQoGYlgnUcptcYVjVSVhW9XjqNlH7PQQ5bmcN12WR3RYQ&ictx=111&biw=1536&bih=695&dpr=1.25&prds=eto:2492494128275747977_0,pid:15591197141904363481,rsk:PC_12595741488852204268&sa=X&ved=0ahUKEwj71_LDn-qGAxWKSmwGHRhVB5AQ8gII7REoAA",Just Herbs | The Hydraclean Kit: Clear & Radiant Skin Set,4.01,Boxed · Unisex,559,Just Herbs
"https://www.google.com/shopping/product/15562175021091431158?sca_esv=453f36eb1da0db3c&rlz=1C1VDKB_enIN978IN978&sxsrf=ADLYWIK8JROFhb3voktLonYWDsCm7-QQEQ:1718888729937&q=oily+skincare+products&fbs=AEQNm0BJU8HQC3fzNpLzBMuBiMvVRr8BSz33Xp3ghdPGS7xtz4DkKjUwhIZpLqvxYvXFn9vUbxaHayUNqeV8H65C6InRL58TaRIgLWzQD5SxGotCxotPNQAUPXOMJuUV3F-7mbgk8WYbOGelu6b6i3SdgKxXePmzr4aFTaViGgMugpefcc9r5uQoGYlgnUcptcYVjVSVhW9XjqNlH7PQQ5bmcN12WR3RYQ&ictx=111&biw=1536&bih=695&dpr=1.25&prds=eto:1661952247285569159_0,pid:15240840662164926481,rsk:PC_17050252656557671992&sa=X&ved=0ahUKEwj71_LDn-qGAxWKSmwGHRhVB5AQ8gII1hUoAA","Oil-Free Daily Face Wash With Hyaluronic Acid, Glycolic Acid & Multivitamins for ...",3.936,Exfoliating · Oil-free,256,Nykaa Man
https://www.google.com/url?url=https://mostunderated.com/products/oil-control-skincare-kit%3Fvariant%3D47966224679233&rct=j&q=&esrc=s&opi=95576897&sa=U&ved=0ahUKEwj71_LDn-qGAxWKSmwGHRhVB5AQ1SkIvhEoAA&usg=AOvVaw3cqDj-6Jo7ARJM_9XSXXqp,Oil Control Skincare Kit,0,,649,Most Underated
https://www.google.com/url?url=https://www.amazon.in/Watermelon-Cleanser-100ml-Toner-Moisturizer/dp/B0BRNDJZV3%3Fsource%3Dps-sl-shoppingads-lpcontext%26ref_%3Dfplfs%26psc%3D1%26smid%3DA6M8HFCIB8PF3&rct=j&q=&esrc=s&opi=95576897&sa=U&ved=0ahUKEwj71_LDn-qGAxWKSmwGHRhVB5AQ1SkIzhEoAA&usg=AOvVaw1oNaI_OdNdk1l3tKVpqJOr,"Dot & Key Watermelon CTM Kit | Cleanser 100ml, Toner 150ml, Moisturizer 60ml ...",0,,1139,Amazon.in
https://www.google.com/url?url=https://shop.cureskin.com/collections/for-dry-skin%3Fsrsltid%3DAfmBOopKKuz-6sPFKpnh1whG4XkpxSUIO1ON7NTWqyipagP9ppa0y2bOF6g&rct=j&q=&esrc=s&opi=95576897&sa=U&ved=0ahUKEwj71_LDn-qGAxWKSmwGHRhVB5AQ1SkIzhIoAA&usg=AOvVaw3ucdwu6VWxH3TGHT_Qv-mU,Oily Skincare Kit,0,,1499,shop.cureskin.com
https://www.google.com/url?url=https://www.shopsy.in/elibliss-green-tea-pore-cleansing-foaming-oily-skin-men-women-all-types-face-wash/p/itm7ce2ac0a0dfa5%3Fpid%3DYFHHYG8AGVZX5Q2G%26lid%3DLSTYFHHYG8AGVZX5Q2GMOOPXH%26marketplace%3DFLIPKART&rct=j&q=&esrc=s&opi=95576897&sa=U&ved=0ahUKEwj71_LDn-qGAxWKSmwGHRhVB5AQ1SkI2hIoAA&usg=AOvVaw2BIpjXHAN3bSyXLDju-MAG,Elibliss Green Tea Pore Cleansing Foaming For Oily Skin Men & Women Men & Women ...,0,,134,Shopsy By Flipkart
"https://www.google.com/shopping/product/14911779031907312442?sca_esv=453f36eb1da0db3c&rlz=1C1VDKB_enIN978IN978&sxsrf=ADLYWIK8JROFhb3voktLonYWDsCm7-QQEQ:1718888729937&q=oily+skincare+products&fbs=AEQNm0BJU8HQC3fzNpLzBMuBiMvVRr8BSz33Xp3ghdPGS7xtz4DkKjUwhIZpLqvxYvXFn9vUbxaHayUNqeV8H65C6InRL58TaRIgLWzQD5SxGotCxotPNQAUPXOMJuUV3F-7mbgk8WYbOGelu6b6i3SdgKxXePmzr4aFTaViGgMugpefcc9r5uQoGYlgnUcptcYVjVSVhW9XjqNlH7PQQ5bmcN12WR3RYQ&ictx=111&biw=1536&bih=695&dpr=1.25&prds=eto:1385916087316050137_0,pid:15112340584610502977&sa=X&ved=0ahUKEwj71_LDn-qGAxWKSmwGHRhVB5AQ8gII5xIoAA",Minimalist Oily Skincare Kit,0,,1199,AJIO.com
"https://www.google.com/shopping/product/2364967572050249254?sca_esv=453f36eb1da0db3c&rlz=1C1VDKB_enIN978IN978&sxsrf=ADLYWIK8JROFhb3voktLonYWDsCm7-QQEQ:1718888729937&q=oily+skincare+products&fbs=AEQNm0BJU8HQC3fzNpLzBMuBiMvVRr8BSz33Xp3ghdPGS7xtz4DkKjUwhIZpLqvxYvXFn9vUbxaHayUNqeV8H65C6InRL58TaRIgLWzQD5SxGotCxotPNQAUPXOMJuUV3F-7mbgk8WYbOGelu6b6i3SdgKxXePmzr4aFTaViGgMugpefcc9r5uQoGYlgnUcptcYVjVSVhW9XjqNlH7PQQ5bmcN12WR3RYQ&ictx=111&biw=1536&bih=695&dpr=1.25&prds=eto:1688973943437405480_0,pid:9948160064794524225&sa=X&ved=0ahUKEwj71_LDn-qGAxWKSmwGHRhVB5AQ8gIImRMoAA",No More Oily Skin Kit| The Derma Co,0,,842,The DermaCo.
"https://www.google.com/shopping/product/16908162033349936394?sca_esv=453f36eb1da0db3c&rlz=1C1VDKB_enIN978IN978&sxsrf=ADLYWIK8JROFhb3voktLonYWDsCm7-QQEQ:1718888729937&q=oily+skincare+products&fbs=AEQNm0BJU8HQC3fzNpLzBMuBiMvVRr8BSz33Xp3ghdPGS7xtz4DkKjUwhIZpLqvxYvXFn9vUbxaHayUNqeV8H65C6InRL58TaRIgLWzQD5SxGotCxotPNQAUPXOMJuUV3F-7mbgk8WYbOGelu6b6i3SdgKxXePmzr4aFTaViGgMugpefcc9r5uQoGYlgnUcptcYVjVSVhW9XjqNlH7PQQ5bmcN12WR3RYQ&ictx=111&biw=1536&bih=695&dpr=1.25&prds=eto:8177008614406087076_0,pid:2637847323460544498&sa=X&ved=0ahUKEwj71_LDn-qGAxWKSmwGHRhVB5AQ8gIIpxMoAA",Recode Face Wash for Oily Skin - 100 ml,0,,99,Recode Studios
"https://www.google.com/shopping/product/12601941037880707036?sca_esv=453f36eb1da0db3c&rlz=1C1VDKB_enIN978IN978&sxsrf=ADLYWIK8JROFhb3voktLonYWDsCm7-QQEQ:1718888729937&q=oily+skincare+products&fbs=AEQNm0BJU8HQC3fzNpLzBMuBiMvVRr8BSz33Xp3ghdPGS7xtz4DkKjUwhIZpLqvxYvXFn9vUbxaHayUNqeV8H65C6InRL58TaRIgLWzQD5SxGotCxotPNQAUPXOMJuUV3F-7mbgk8WYbOGelu6b6i3SdgKxXePmzr4aFTaViGgMugpefcc9r5uQoGYlgnUcptcYVjVSVhW9XjqNlH7PQQ5bmcN12WR3RYQ&ictx=111&biw=1536&bih=695&dpr=1.25&prds=eto:8777520551082910049_0,pid:10721099441184591855&sa=X&ved=0ahUKEwj71_LDn-qGAxWKSmwGHRhVB5AQ8gIItBMoAA",Oil Control Face Wash + Aloe Vera Face Wash,0,,380,Oxyglow Cosmetics
"https://www.google.com/shopping/product/17137205917930666723?sca_esv=453f36eb1da0db3c&rlz=1C1VDKB_enIN978IN978&sxsrf=ADLYWIK8JROFhb3voktLonYWDsCm7-QQEQ:1718888729937&q=oily+skincare+products&fbs=AEQNm0BJU8HQC3fzNpLzBMuBiMvVRr8BSz33Xp3ghdPGS7xtz4DkKjUwhIZpLqvxYvXFn9vUbxaHayUNqeV8H65C6InRL58TaRIgLWzQD5SxGotCxotPNQAUPXOMJuUV3F-7mbgk8WYbOGelu6b6i3SdgKxXePmzr4aFTaViGgMugpefcc9r5uQoGYlgnUcptcYVjVSVhW9XjqNlH7PQQ5bmcN12WR3RYQ&ictx=111&biw=1536&bih=695&dpr=1.25&prds=eto:1645442220357429706_0,pid:5362554786511489659&sa=X&ved=0ahUKEwj71_LDn-qGAxWKSmwGHRhVB5AQ8gIIwRMoAA",The Ordinary The Clear Set,0,,1275,BEAUTY BAY
"https://www.google.com/shopping/product/10707982972067285518?sca_esv=453f36eb1da0db3c&rlz=1C1VDKB_enIN978IN978&sxsrf=ADLYWIK8JROFhb3voktLonYWDsCm7-QQEQ:1718888729937&q=oily+skincare+products&fbs=AEQNm0BJU8HQC3fzNpLzBMuBiMvVRr8BSz33Xp3ghdPGS7xtz4DkKjUwhIZpLqvxYvXFn9vUbxaHayUNqeV8H65C6InRL58TaRIgLWzQD5SxGotCxotPNQAUPXOMJuUV3F-7mbgk8WYbOGelu6b6i3SdgKxXePmzr4aFTaViGgMugpefcc9r5uQoGYlgnUcptcYVjVSVhW9XjqNlH7PQQ5bmcN12WR3RYQ&ictx=111&biw=1536&bih=695&dpr=1.25&prds=eto:13252316164512445062_0,pid:5709792067180429761&sa=X&ved=0ahUKEwj71_LDn-qGAxWKSmwGHRhVB5AQ8gII7RMoAA","Pilgrim 10% Niacinamide Face Serum For Acne Marks (10ml) At Nykaa, Best Beauty ...",0,Face · Niacinamide · Bottle,191,Myntra
https://www.google.com/url?url=https://www.gabit.com/skin/bundle/oily-skin-essentials-kit/SC0010&rct=j&q=&esrc=s&opi=95576897&sa=U&ved=0ahUKEwj71_LDn-qGAxWKSmwGHRhVB5AQ1SkImRQoAA&usg=AOvVaw3Nk8Zk57QK2fqjLem12vJQ,Gabit Oily Skin Essentials Kit - Salicylic Acid Face Wash and Salicylic & Green ...,0,,680,Gabit
"https://www.google.com/shopping/product/9012031494282977233?sca_esv=453f36eb1da0db3c&rlz=1C1VDKB_enIN978IN978&sxsrf=ADLYWIK8JROFhb3voktLonYWDsCm7-QQEQ:1718888729937&q=oily+skincare+products&fbs=AEQNm0BJU8HQC3fzNpLzBMuBiMvVRr8BSz33Xp3ghdPGS7xtz4DkKjUwhIZpLqvxYvXFn9vUbxaHayUNqeV8H65C6InRL58TaRIgLWzQD5SxGotCxotPNQAUPXOMJuUV3F-7mbgk8WYbOGelu6b6i3SdgKxXePmzr4aFTaViGgMugpefcc9r5uQoGYlgnUcptcYVjVSVhW9XjqNlH7PQQ5bmcN12WR3RYQ&ictx=111&biw=1536&bih=695&dpr=1.25&prds=eto:4437576683998201916_0,pid:2384880186558952275&sa=X&ved=0ahUKEwj71_LDn-qGAxWKSmwGHRhVB5AQ8gIIpRQoAA",Alps Goodness Acne Control French Green Clay Mask for Oily Skin with Tea Tree ...,0,Face · Mask · Clay · Peel-off,183,Redfynd.com
"https://www.google.com/shopping/product/18216445074058816360?sca_esv=453f36eb1da0db3c&rlz=1C1VDKB_enIN978IN978&sxsrf=ADLYWIK8JROFhb3voktLonYWDsCm7-QQEQ:1718888729937&q=oily+skincare+products&fbs=AEQNm0BJU8HQC3fzNpLzBMuBiMvVRr8BSz33Xp3ghdPGS7xtz4DkKjUwhIZpLqvxYvXFn9vUbxaHayUNqeV8H65C6InRL58TaRIgLWzQD5SxGotCxotPNQAUPXOMJuUV3F-7mbgk8WYbOGelu6b6i3SdgKxXePmzr4aFTaViGgMugpefcc9r5uQoGYlgnUcptcYVjVSVhW9XjqNlH7PQQ5bmcN12WR3RYQ&ictx=111&biw=1536&bih=695&dpr=1.25&prds=eto:14141320419544786501_0,pid:10977819556983973396&sa=X&ved=0ahUKEwj71_LDn-qGAxWKSmwGHRhVB5AQ8gIIthQoAA","WIDEWINGS Oil-Absorbing Volcanic Stone Face Roller, Reusable Facial Skincare Tool ...",0,Cleansing,249,Amazon.in
https://www.google.com/url?url=https://www.purplle.com/track%3Fdpl%3D1%26redirect%3Dhttps%253A%252F%252Fwww.purplle.com%252Fproduct%252Fprovalo-cleanse-and-glow-essentials-combo-for-normal-to-oily-skin-men%26srsltid%3DAfmBOorGxOY6pqFDHGKNCitNHDIF4S9byRSO1AqXmJ9Vw0CMadh8xI88cKY&rct=j&q=&esrc=s&opi=95576897&sa=U&ved=0ahUKEwj71_LDn-qGAxWKSmwGHRhVB5AQ1SkIwxQoAA&usg=AOvVaw0sXK6seXbdegRX-1zCNrdC,Provalo Cleanse And Glow Essentials Combo For Normal To Oily Skin (Men)(Skin Care ...,0,,874,Purplle.com
"https://www.google.com/shopping/product/17340286862374300544?sca_esv=453f36eb1da0db3c&rlz=1C1VDKB_enIN978IN978&sxsrf=ADLYWIK8JROFhb3voktLonYWDsCm7-QQEQ:1718888729937&q=oily+skincare+products&fbs=AEQNm0BJU8HQC3fzNpLzBMuBiMvVRr8BSz33Xp3ghdPGS7xtz4DkKjUwhIZpLqvxYvXFn9vUbxaHayUNqeV8H65C6InRL58TaRIgLWzQD5SxGotCxotPNQAUPXOMJuUV3F-7mbgk8WYbOGelu6b6i3SdgKxXePmzr4aFTaViGgMugpefcc9r5uQoGYlgnUcptcYVjVSVhW9XjqNlH7PQQ5bmcN12WR3RYQ&ictx=111&biw=1536&bih=695&dpr=1.25&prds=eto:16023881995644919074_0,pid:7752798361471375201&sa=X&ved=0ahUKEwj71_LDn-qGAxWKSmwGHRhVB5AQ8gIIpRUoAA","mCaffeine 10% Niacinamide & Panthenol Oil-Free Moisturizer Matcha Tea, For Acne ...",0,Niacinamide · Panthenol,299,mCaffeine
https://www.google.com/url?url=https://withinbeauty.com/products/barrier-boost-protect-trio-for-oily-skin%3Fvariant%3D48239006253345%26currency%3DINR%26utm_medium%3Dproduct_sync%26utm_source%3Dgoogle%26utm_content%3Dsag_organic%26utm_campaign%3Dsag_organic%26srsltid%3DAfmBOooDFvANBXM2QRoUYPIRrHxufqNOQPyY7xAy03EZx65msOjE0oOpf5I&rct=j&q=&esrc=s&opi=95576897&sa=U&ved=0ahUKEwj71_LDn-qGAxWKSmwGHRhVB5AQ1SkI5hUoAA&usg=AOvVaw3miU4wjtEEQ9uZ4IsIwoJH,Within Beauty AM Routine for Oily Skin | Barrier Boost & Protect Trio | Gel ...,0,,1590,Within Beauty
https://www.google.com/url?url=https://www.shopsy.in/elibliss-daily-facial-cleanser-normal-oily-skin-men-women-all-types-face-wash/p/itm43a2b26f9b675%3Fpid%3DYFHGPEZE5FE8H7GJ%26lid%3DLSTYFHGPEZE5FE8H7GJSJQLP4%26marketplace%3DFLIPKART&rct=j&q=&esrc=s&opi=95576897&sa=U&ved=0ahUKEwj71_LDn-qGAxWKSmwGHRhVB5AQ1SkI8xUoAA&usg=AOvVaw16qHRXHn3gDPv7R3Cud4b0,Elibliss Daily Facial Cleanser For Normal To Oily Skin Men & Women All Skin Types ...,0,All Skin Types · Men's · Gel,114,Shopsy By Flipkart
"https://www.google.com/shopping/product/1078100804903322503?sca_esv=453f36eb1da0db3c&rlz=1C1VDKB_enIN978IN978&sxsrf=ADLYWIK8JROFhb3voktLonYWDsCm7-QQEQ:1718888729937&q=oily+skincare+products&fbs=AEQNm0BJU8HQC3fzNpLzBMuBiMvVRr8BSz33Xp3ghdPGS7xtz4DkKjUwhIZpLqvxYvXFn9vUbxaHayUNqeV8H65C6InRL58TaRIgLWzQD5SxGotCxotPNQAUPXOMJuUV3F-7mbgk8WYbOGelu6b6i3SdgKxXePmzr4aFTaViGgMugpefcc9r5uQoGYlgnUcptcYVjVSVhW9XjqNlH7PQQ5bmcN12WR3RYQ&ictx=111&biw=1536&bih=695&dpr=1.25&prds=eto:14076532960888362056_0,pid:18138600674717029404&sa=X&ved=0ahUKEwj71_LDn-qGAxWKSmwGHRhVB5AQ8gIIghYoAA",Oil-Free Skin Protection Kit| The Derma Co,0,,880,The DermaCo.
https://www.google.com/url?url=https://www.amazon.in/Pilgrim-Salicylic-Niacinamide-Anti-Acne-Products/dp/B09JZQ8VNF%3Fsource%3Dps-sl-shoppingads-lpcontext%26ref_%3Dfplfs%26psc%3D1%26smid%3DAZ2BBRFTETV0S&rct=j&q=&esrc=s&opi=95576897&sa=U&ved=0ahUKEwj71_LDn-qGAxWKSmwGHRhVB5AQ1SkIyxYoAA&usg=AOvVaw0EjLKOY0-fzQpjfczqrcSR,Pilgrim Clean & Clear Face Kit | 2% Salicylic Acid & Niacinamide Oil Control ...,0,,713,Amazon.in
https://www.google.com/url?url=https://neevsoaps.com/products/oily-skin-care-gift-box-for-women-men%3Fvariant%3D41551461712069%26currency%3DINR%26utm_medium%3Dproduct_sync%26utm_source%3Dgoogle%26utm_content%3Dsag_organic%26utm_campaign%3Dsag_organic%26srsltid%3DAfmBOopfIgIBfckVOqIJLA53pHnjyg7na6J0PtoszTg4lEsHoHGkwA-O2qg&rct=j&q=&esrc=s&opi=95576897&sa=U&ved=0ahUKEwj71_LDn-qGAxWKSmwGHRhVB5AQ1SkI1xYoAA&usg=AOvVaw2TJiHC_5OVNkeT-AfybZsg,Oily Skin Care Gift Box for Women / Men,0,Boxed · Unisex,400,Neev Herbal Handemade Soaps
https://www.google.com/url?url=https://barvaskintherapie.com/products/oil-control-anti-acne-special%3Fvariant%3D49150223253822%26currency%3DINR%26utm_medium%3Dproduct_sync%26utm_source%3Dgoogle%26utm_content%3Dsag_organic%26utm_campaign%3Dsag_organic%26srsltid%3DAfmBOopMuV8BxWNCTu9hzLM-GbqnXnv7u-T31I8etuyQtnjIW-qU4ZnXMx8&rct=j&q=&esrc=s&opi=95576897&sa=U&ved=0ahUKEwj71_LDn-qGAxWKSmwGHRhVB5AQ1SkI9RYoAA&usg=AOvVaw0tkBlCxhgJ5pXQ7S2Q8FMd,Oily Skincare | 4-products set | natural skincare for oily skin,0,,629,Barva Skin Therapie
